-- ============================================================================
-- V23 LLM 采集方向 Skill 模版与闭环任务重置
-- 设计说明：
--   1. 数据源发现不再以固定候选清单为主，而是由大模型按采集方向整理生成来源、采集计划和质量策略。
--   2. Skill 按“收集数据的类型、方向”维护，前端可以复制新版本后绑定到模型实例。
--   3. 默认闭环任务改为多条 LLM 数据采集方向任务；旧手工 endpoint/RSS/fallback 入口只保留为审核后的执行原语。
-- ============================================================================

INSERT INTO aiw_ai_skill
(biz_id, skill_code, skill_version, skill_name, skill_type, status, instruction_content,
 input_schema, output_schema, evaluation_policy, description, created_at, updated_at, created_by, updated_by)
VALUES
('23000000-0000-0000-0000-000000000010', 'DATA_COLLECTION_MULTI_SOURCE', 'v1',
 '多源投资数据采集规划Skill', 'DATA_SOURCE_DISCOVERY', 'ACTIVE',
 '你是投资理财平台的数据采集总规划专家。请围绕市场范围、资产类别、主题关键词和目标数据类型，直接整理可执行的数据源候选。必须覆盖官方披露、产品净值、行情、新闻研报、监管信息中的关键缺口；每个候选都要给出来源等级、入口地址、授权要求、建议任务类型、字段映射、采集频率、质量门禁、交叉验证策略和人工审核原因。不要只输出泛泛建议，不要把低质量媒体或fallback数据标记为正式投资依据。',
 JSON_OBJECT('type','object','required',JSON_ARRAY('marketScope','assetClass','dataTypes','collectionDirection'),'properties',
   JSON_OBJECT('marketScope',JSON_OBJECT('type','string'),'assetClass',JSON_OBJECT('type','string'),
     'dataTypes',JSON_OBJECT('type','array'),'collectionDirection',JSON_OBJECT('type','string'),
     'topicKeywords',JSON_OBJECT('type','string'),'candidateLimit',JSON_OBJECT('type','integer'))),
 JSON_OBJECT('type','object','required',JSON_ARRAY('candidates'),'properties',
   JSON_OBJECT('candidates',JSON_OBJECT('type','array'),'reviewPolicy',JSON_OBJECT('type','string'))),
 JSON_OBJECT('minConfidence',0.70,'manualReviewRequired',true,'autoEnableCandidates',false,'crossSourceRequired',true),
 '默认多源数据采集规划模版，适合驾驶舱一键补齐核心数据缺口。',
 CURRENT_TIMESTAMP(3), CURRENT_TIMESTAMP(3), 'V23', 'V23'),
('23000000-0000-0000-0000-000000000011', 'DATA_COLLECTION_OFFICIAL_DISCLOSURE', 'v1',
 '官方披露采集Skill', 'DATA_SOURCE_DISCOVERY', 'ACTIVE',
 '专注整理官方披露来源，包括交易所、信息披露平台、产品发行机构公告和监管公开栏目。输出候选必须优先L1/L2来源，明确公告ID、产品代码、发布日期、标题、附件URL、正文、机构、市场范围等字段映射。需要指出PDF/HTML/JSON解析方式、分页方式、频率限制、去重键和失败降级策略。',
 JSON_OBJECT('type','object','required',JSON_ARRAY('marketScope','dataTypes'),'properties',
   JSON_OBJECT('marketScope',JSON_OBJECT('type','string'),'dataTypes',JSON_OBJECT('type','array'),
     'assetClass',JSON_OBJECT('type','string'),'topicKeywords',JSON_OBJECT('type','string'))),
 JSON_OBJECT('type','object','required',JSON_ARRAY('candidates'),'properties',JSON_OBJECT('candidates',JSON_OBJECT('type','array'))),
 JSON_OBJECT('preferredTrustLevels',JSON_ARRAY('L1','L2'),'requiredFields',JSON_ARRAY('title','publishTime','url'),'duplicateKey','externalId,url'),
 '官方公告、交易所披露、发行机构公告方向采集模版。',
 CURRENT_TIMESTAMP(3), CURRENT_TIMESTAMP(3), 'V23', 'V23'),
('23000000-0000-0000-0000-000000000012', 'DATA_COLLECTION_NEWS_RESEARCH', 'v1',
 '资讯研报采集Skill', 'DATA_SOURCE_DISCOVERY', 'ACTIVE',
 '专注整理财经新闻、研报、机构观点和市场事件来源。候选必须标注媒体/机构可信等级、是否需要授权、是否只能作为热度补充、与L1/L2来源交叉验证方式。字段映射必须覆盖标题、摘要、正文、发布时间、原文链接、机构、作者、主题标签、关联产品线索和情绪/事件标签。',
 JSON_OBJECT('type','object','required',JSON_ARRAY('marketScope','topicKeywords'),'properties',
   JSON_OBJECT('marketScope',JSON_OBJECT('type','string'),'topicKeywords',JSON_OBJECT('type','string'),
     'dataTypes',JSON_OBJECT('type','array'),'candidateLimit',JSON_OBJECT('type','integer'))),
 JSON_OBJECT('type','object','required',JSON_ARRAY('candidates'),'properties',JSON_OBJECT('candidates',JSON_OBJECT('type','array'))),
 JSON_OBJECT('maxTrustForMediaOnly','L4','mustCrossCheckWithOfficial',true,'forbidSingleSourceInvestmentAdvice',true),
 '新闻、研报、机构观点和事件热度方向采集模版。',
 CURRENT_TIMESTAMP(3), CURRENT_TIMESTAMP(3), 'V23', 'V23'),
('23000000-0000-0000-0000-000000000013', 'DATA_COLLECTION_PRODUCT_NAV', 'v1',
 '理财产品与净值采集Skill', 'DATA_SOURCE_DISCOVERY', 'ACTIVE',
 '专注整理银行理财、公募基金、ETF、债券、REITs等产品主档和净值来源。候选必须说明产品编码、产品名称、发行机构、风险等级、资产类别、交易状态、单位净值、累计净值、估值日期、币种、费用、最小交易单位和是否可Mock交易的字段映射。输出要明确产品池upsert策略和净值写入行情表策略。',
 JSON_OBJECT('type','object','required',JSON_ARRAY('marketScope','assetClass'),'properties',
   JSON_OBJECT('marketScope',JSON_OBJECT('type','string'),'assetClass',JSON_OBJECT('type','string'),
     'dataTypes',JSON_OBJECT('type','array'),'candidateLimit',JSON_OBJECT('type','integer'))),
 JSON_OBJECT('type','object','required',JSON_ARRAY('candidates'),'properties',JSON_OBJECT('candidates',JSON_OBJECT('type','array'))),
 JSON_OBJECT('requiredFields',JSON_ARRAY('productCode','productName','nav','quoteTime'),'productUpsertRequired',true,'quoteUpsertRequired',true),
 '产品池、风险等级、净值行情方向采集模版。',
 CURRENT_TIMESTAMP(3), CURRENT_TIMESTAMP(3), 'V23', 'V23'),
('23000000-0000-0000-0000-000000000014', 'DATA_COLLECTION_MARKET_QUOTE', 'v1',
 '行情与估值采集Skill', 'DATA_SOURCE_DISCOVERY', 'ACTIVE',
 '专注整理价格、净值、指数、成交量、收益率、波动率和估值指标来源。候选必须区分官方、授权供应商、交易所公开数据和媒体聚合数据；必须说明频率、延迟、历史回溯能力、复权/净值口径、产品代码映射和行情缺口补偿策略。',
 JSON_OBJECT('type','object','required',JSON_ARRAY('marketScope','dataTypes'),'properties',
   JSON_OBJECT('marketScope',JSON_OBJECT('type','string'),'assetClass',JSON_OBJECT('type','string'),
     'dataTypes',JSON_OBJECT('type','array'),'topicKeywords',JSON_OBJECT('type','string'))),
 JSON_OBJECT('type','object','required',JSON_ARRAY('candidates'),'properties',JSON_OBJECT('candidates',JSON_OBJECT('type','array'))),
 JSON_OBJECT('freshnessRequired',true,'quoteTimeRequired',true,'authorizedVendorAllowed',true,'fallbackForbiddenForFormalReport',true),
 '行情、净值、指数、估值指标方向采集模版。',
 CURRENT_TIMESTAMP(3), CURRENT_TIMESTAMP(3), 'V23', 'V23'),
('23000000-0000-0000-0000-000000000015', 'DATA_COLLECTION_REGULATORY', 'v1',
 '监管政策采集Skill', 'DATA_SOURCE_DISCOVERY', 'ACTIVE',
 '专注整理监管政策、处罚、风险提示、制度变化和宏观监管事件来源。候选必须优先官方监管机构，字段映射覆盖标题、发布时间、发文机构、文号、正文、附件、政策类型、影响资产类别和风险标签。输出必须说明如何把监管事件写入资讯公告和风险审计。',
 JSON_OBJECT('type','object','required',JSON_ARRAY('marketScope','dataTypes'),'properties',
   JSON_OBJECT('marketScope',JSON_OBJECT('type','string'),'dataTypes',JSON_OBJECT('type','array'),
     'topicKeywords',JSON_OBJECT('type','string'))),
 JSON_OBJECT('type','object','required',JSON_ARRAY('candidates'),'properties',JSON_OBJECT('candidates',JSON_OBJECT('type','array'))),
 JSON_OBJECT('preferredTrustLevels',JSON_ARRAY('L1'),'riskAuditRequired',true,'policyImpactRequired',true),
 '监管政策、处罚、制度变化和风险事件方向采集模版。',
 CURRENT_TIMESTAMP(3), CURRENT_TIMESTAMP(3), 'V23', 'V23'),
('23000000-0000-0000-0000-000000000016', 'REPORT_GENERATION_CORE', 'v1',
 '投资报告生成Skill', 'REPORT_ANALYSIS', 'ACTIVE',
 '根据产品池、行情、资讯公告、研报监管、数据质量、用户风险和Mock反馈生成投资报告。必须先解释数据质量和缺口，再给趋势、风险、适配性、图表数据和可执行方案草案。数据质量不足时只能输出数据缺口报告，不得输出确定配置比例。',
 JSON_OBJECT('type','object','required',JSON_ARRAY('marketScope','lookbackDays'),'properties',
   JSON_OBJECT('marketScope',JSON_OBJECT('type','string'),'lookbackDays',JSON_OBJECT('type','integer'),'themeCode',JSON_OBJECT('type','string'))),
 JSON_OBJECT('type','object','required',JSON_ARRAY('investmentSummary','trend','investmentPlan','dataQualityGate'),'properties',
   JSON_OBJECT('investmentSummary',JSON_OBJECT('type','object'),'trend',JSON_OBJECT('type','object'),'investmentPlan',JSON_OBJECT('type','object'))),
 JSON_OBJECT('minQualityScore',0.45,'dataGapReportWhenLowQuality',true,'mockRequiredBeforePositiveAdvice',true),
 '投资报告生成和降级策略模版。',
 CURRENT_TIMESTAMP(3), CURRENT_TIMESTAMP(3), 'V23', 'V23'),
('23000000-0000-0000-0000-000000000017', 'INVESTMENT_PLAN_GENERATION_CORE', 'v1',
 '投资方案生成Skill', 'REPORT_ANALYSIS', 'ACTIVE',
 '根据已通过质量门禁的投资报告生成具体Mock投资方案。必须输出产品、方向、金额或比例、买入/卖出/调仓原因、风险边界、止损/观察条件和不可执行原因。不得绕过产品可Mock、风险等级、现金、持仓和交易规则。',
 JSON_OBJECT('type','object','required',JSON_ARRAY('reportBizId','portfolio'),'properties',
   JSON_OBJECT('reportBizId',JSON_OBJECT('type','string'),'portfolio',JSON_OBJECT('type','object'),'riskLevel',JSON_OBJECT('type','string'))),
 JSON_OBJECT('type','object','required',JSON_ARRAY('orders','riskChecks'),'properties',
   JSON_OBJECT('orders',JSON_OBJECT('type','array'),'riskChecks',JSON_OBJECT('type','array'))),
 JSON_OBJECT('riskCheckRequired',true,'allowRealTrade',false,'mockOnlyDefault',true),
 '报告转Mock投资方案模版。',
 CURRENT_TIMESTAMP(3), CURRENT_TIMESTAMP(3), 'V23', 'V23'),
('23000000-0000-0000-0000-000000000018', 'PROMPT_EVOLUTION_CORE', 'v1',
 'Prompt进化Skill', 'PROMPT_GOVERNANCE', 'ACTIVE',
 '根据报告质量、Prompt快照、模型输出、Mock交易、回测收益、风控阻断和用户采纳/拒绝反馈，生成Prompt候选和评分。必须说明变更动机、影响场景、回滚方式、风险边界和是否建议人工审核；不得自动启用新Prompt。',
 JSON_OBJECT('type','object','required',JSON_ARRAY('reports','feedback','backtests'),'properties',
   JSON_OBJECT('reports',JSON_OBJECT('type','array'),'feedback',JSON_OBJECT('type','array'),'backtests',JSON_OBJECT('type','array'))),
 JSON_OBJECT('type','object','required',JSON_ARRAY('promptCandidates','scores','activationPolicy'),'properties',
   JSON_OBJECT('promptCandidates',JSON_OBJECT('type','array'),'scores',JSON_OBJECT('type','array'))),
 JSON_OBJECT('autoActivation',false,'minScoreForReview',0.70,'rollbackRequired',true),
 'Prompt候选生成、评分、复盘进化模版。',
 CURRENT_TIMESTAMP(3), CURRENT_TIMESTAMP(3), 'V23', 'V23'),
('23000000-0000-0000-0000-000000000019', 'CLOSED_LOOP_REVIEW_AUDIT_CORE', 'v1',
 '闭环复盘审计Skill', 'QUALITY_AUDIT', 'ACTIVE',
 '复盘数据源、报告、Prompt、模型、Mock交易、回测和用户反馈，判断失败主要来自数据源不足、Prompt不佳、模型不佳、产品不可交易、风险等级不匹配或市场变化。输出必须可回写到Skill、Prompt、模型候选和数据源治理建议。',
 JSON_OBJECT('type','object','required',JSON_ARRAY('closedLoopRun','steps'),'properties',
   JSON_OBJECT('closedLoopRun',JSON_OBJECT('type','object'),'steps',JSON_OBJECT('type','array'),'auditRecords',JSON_OBJECT('type','array'))),
 JSON_OBJECT('type','object','required',JSON_ARRAY('findings','improvementActions'),'properties',
   JSON_OBJECT('findings',JSON_OBJECT('type','array'),'improvementActions',JSON_OBJECT('type','array'))),
 JSON_OBJECT('routeToSkillWhenDataSourcePoor',true,'routeToPromptWhenPromptPoor',true,'routeToModelWhenModelPoor',true),
 '闭环复盘、风控审计和改进路由模版。',
 CURRENT_TIMESTAMP(3), CURRENT_TIMESTAMP(3), 'V23', 'V23')
ON DUPLICATE KEY UPDATE
skill_name = VALUES(skill_name),
skill_type = VALUES(skill_type),
status = VALUES(status),
instruction_content = VALUES(instruction_content),
input_schema = VALUES(input_schema),
output_schema = VALUES(output_schema),
evaluation_policy = VALUES(evaluation_policy),
description = VALUES(description),
updated_at = CURRENT_TIMESTAMP(3),
updated_by = 'V23';

INSERT INTO aiw_ai_model_skill_binding
(biz_id, model_biz_id, model_code, model_version, skill_biz_id, skill_code, skill_version,
 scenario_code, priority, enabled, config, description, created_at, updated_at, created_by, updated_by)
VALUES
('24000000-0000-0000-0000-000000000010', '10000000-0000-0000-0000-000000000002',
 'openai-compatible-analysis', 'mock-v1', '23000000-0000-0000-0000-000000000010',
 'DATA_COLLECTION_MULTI_SOURCE', 'v1', 'DATA_SOURCE_DISCOVERY', 10, 1,
 JSON_OBJECT('collectionDirection','MULTI_SOURCE','autoApply',false,'autoRegisterCandidates',true),
 'OpenAI兼容模型挂靠多源数据采集规划Skill。',
 CURRENT_TIMESTAMP(3), CURRENT_TIMESTAMP(3), 'V23', 'V23'),
('24000000-0000-0000-0000-000000000011', '10000000-0000-0000-0000-000000000002',
 'openai-compatible-analysis', 'mock-v1', '23000000-0000-0000-0000-000000000011',
 'DATA_COLLECTION_OFFICIAL_DISCLOSURE', 'v1', 'DATA_SOURCE_DISCOVERY', 20, 1,
 JSON_OBJECT('collectionDirection','OFFICIAL_DISCLOSURE','autoApply',false,'autoRegisterCandidates',true),
 'OpenAI兼容模型挂靠官方披露采集Skill。',
 CURRENT_TIMESTAMP(3), CURRENT_TIMESTAMP(3), 'V23', 'V23'),
('24000000-0000-0000-0000-000000000012', '10000000-0000-0000-0000-000000000002',
 'openai-compatible-analysis', 'mock-v1', '23000000-0000-0000-0000-000000000012',
 'DATA_COLLECTION_NEWS_RESEARCH', 'v1', 'DATA_SOURCE_DISCOVERY', 30, 1,
 JSON_OBJECT('collectionDirection','NEWS_RESEARCH','autoApply',false,'autoRegisterCandidates',true),
 'OpenAI兼容模型挂靠资讯研报采集Skill。',
 CURRENT_TIMESTAMP(3), CURRENT_TIMESTAMP(3), 'V23', 'V23'),
('24000000-0000-0000-0000-000000000013', '10000000-0000-0000-0000-000000000002',
 'openai-compatible-analysis', 'mock-v1', '23000000-0000-0000-0000-000000000013',
 'DATA_COLLECTION_PRODUCT_NAV', 'v1', 'DATA_SOURCE_DISCOVERY', 40, 1,
 JSON_OBJECT('collectionDirection','PRODUCT_NAV','autoApply',false,'autoRegisterCandidates',true),
 'OpenAI兼容模型挂靠产品净值采集Skill。',
 CURRENT_TIMESTAMP(3), CURRENT_TIMESTAMP(3), 'V23', 'V23'),
('24000000-0000-0000-0000-000000000014', '10000000-0000-0000-0000-000000000002',
 'openai-compatible-analysis', 'mock-v1', '23000000-0000-0000-0000-000000000014',
 'DATA_COLLECTION_MARKET_QUOTE', 'v1', 'DATA_SOURCE_DISCOVERY', 50, 1,
 JSON_OBJECT('collectionDirection','MARKET_QUOTE','autoApply',false,'autoRegisterCandidates',true),
 'OpenAI兼容模型挂靠行情估值采集Skill。',
 CURRENT_TIMESTAMP(3), CURRENT_TIMESTAMP(3), 'V23', 'V23'),
('24000000-0000-0000-0000-000000000015', '10000000-0000-0000-0000-000000000002',
 'openai-compatible-analysis', 'mock-v1', '23000000-0000-0000-0000-000000000015',
 'DATA_COLLECTION_REGULATORY', 'v1', 'DATA_SOURCE_DISCOVERY', 60, 1,
 JSON_OBJECT('collectionDirection','REGULATORY','autoApply',false,'autoRegisterCandidates',true),
 'OpenAI兼容模型挂靠监管政策采集Skill。',
 CURRENT_TIMESTAMP(3), CURRENT_TIMESTAMP(3), 'V23', 'V23'),
('24000000-0000-0000-0000-000000000016', '10000000-0000-0000-0000-000000000002',
 'openai-compatible-analysis', 'mock-v1', '23000000-0000-0000-0000-000000000016',
 'REPORT_GENERATION_CORE', 'v1', 'AUTO_REPORT_GENERATION', 10, 1,
 JSON_OBJECT('dataGapReportWhenLowQuality',true,'minQualityScore',0.45),
 'OpenAI兼容模型挂靠投资报告生成Skill。',
 CURRENT_TIMESTAMP(3), CURRENT_TIMESTAMP(3), 'V23', 'V23'),
('24000000-0000-0000-0000-000000000017', '10000000-0000-0000-0000-000000000002',
 'openai-compatible-analysis', 'mock-v1', '23000000-0000-0000-0000-000000000017',
 'INVESTMENT_PLAN_GENERATION_CORE', 'v1', 'AUTO_CLOSED_LOOP_ORCHESTRATION', 20, 1,
 JSON_OBJECT('mockOnlyDefault',true,'riskCheckRequired',true),
 'OpenAI兼容模型挂靠投资方案生成Skill。',
 CURRENT_TIMESTAMP(3), CURRENT_TIMESTAMP(3), 'V23', 'V23'),
('24000000-0000-0000-0000-000000000018', '10000000-0000-0000-0000-000000000002',
 'openai-compatible-analysis', 'mock-v1', '23000000-0000-0000-0000-000000000018',
 'PROMPT_EVOLUTION_CORE', 'v1', 'PROMPT_GOVERNANCE', 10, 1,
 JSON_OBJECT('autoActivation',false,'candidateLimit',3),
 'OpenAI兼容模型挂靠Prompt进化Skill。',
 CURRENT_TIMESTAMP(3), CURRENT_TIMESTAMP(3), 'V23', 'V23'),
('24000000-0000-0000-0000-000000000019', '10000000-0000-0000-0000-000000000002',
 'openai-compatible-analysis', 'mock-v1', '23000000-0000-0000-0000-000000000019',
 'CLOSED_LOOP_REVIEW_AUDIT_CORE', 'v1', 'AUTO_CLOSED_LOOP_ORCHESTRATION', 30, 1,
 JSON_OBJECT('routeToSkillWhenDataSourcePoor',true,'routeToPromptWhenPromptPoor',true),
 'OpenAI兼容模型挂靠闭环复盘审计Skill。',
 CURRENT_TIMESTAMP(3), CURRENT_TIMESTAMP(3), 'V23', 'V23')
ON DUPLICATE KEY UPDATE
model_code = VALUES(model_code),
model_version = VALUES(model_version),
skill_code = VALUES(skill_code),
skill_version = VALUES(skill_version),
priority = VALUES(priority),
enabled = VALUES(enabled),
config = VALUES(config),
description = VALUES(description),
updated_at = CURRENT_TIMESTAMP(3),
updated_by = 'V23';

UPDATE aiw_ai_model_binding
SET config = JSON_SET(
        COALESCE(config, JSON_OBJECT()),
        '$.candidateLimit', 8,
        '$.modelCollectsSources', true,
        '$.autoRegisterCandidates', true,
        '$.autoEnableCandidates', false,
        '$.manualReviewRequired', true
    ),
    description = '数据源发现由大模型按采集方向直接整理生成候选来源、采集计划、字段映射和质量策略；任务可沉淀候选但默认不启用。',
    updated_at = CURRENT_TIMESTAMP(3),
    updated_by = 'V23'
WHERE scenario_code = 'DATA_SOURCE_DISCOVERY'
  AND environment = 'DEFAULT';

UPDATE aiw_investment_task_definition
SET enabled = 0,
    description = CONCAT(COALESCE(description, ''), '【V23废弃默认启用：单一数据源发现与旧endpoint采集不再作为默认闭环入口。】'),
    updated_at = CURRENT_TIMESTAMP(3)
WHERE task_code IN (
    'ai-data-source-discovery',
    'l1-regulatory-disclosure-collection',
    'l1-exchange-announcement-collection',
    'l2-wealth-product-nav-refresh'
);

INSERT INTO aiw_investment_task_definition
(biz_id, task_code, task_type, cron, zone, enabled, parameters, description, created_at, updated_at)
VALUES
('17000000-0000-0000-0000-000000000230', 'llm-data-collection-multi-source',
 'AI_DATA_SOURCE_DISCOVERY', '0 0 */6 * * *', 'Asia/Shanghai', 1,
 JSON_OBJECT('environment','DEFAULT','marketScope','CN_MAINLAND','assetClass','MULTI_ASSET',
   'dataTypes','MARKET_QUOTE,NEWS,ANNOUNCEMENT,RESEARCH,REGULATORY','topicKeywords','',
   'collectionDirection','MULTI_SOURCE','skillCode','DATA_COLLECTION_MULTI_SOURCE',
   'preferredTrustLevels','L1,L2,L3,L4','candidateLimit','8','includeDisabledCandidates','true',
   'autoRegisterCandidates','true','autoEnableCandidates','false'),
 'LLM多源数据采集规划任务：模型整理生成候选来源、采集计划、字段映射和质量策略，默认沉淀候选但不启用。',
 CURRENT_TIMESTAMP(3), CURRENT_TIMESTAMP(3)),
('17000000-0000-0000-0000-000000000231', 'llm-official-disclosure-collection',
 'AI_DATA_SOURCE_DISCOVERY', '0 10 */6 * * *', 'Asia/Shanghai', 1,
 JSON_OBJECT('environment','DEFAULT','marketScope','CN_MAINLAND','assetClass','MULTI_ASSET',
   'dataTypes','ANNOUNCEMENT,REGULATORY','topicKeywords','交易所公告,信息披露,产品公告',
   'collectionDirection','OFFICIAL_DISCLOSURE','skillCode','DATA_COLLECTION_OFFICIAL_DISCLOSURE',
   'preferredTrustLevels','L1,L2','candidateLimit','8','includeDisabledCandidates','true',
   'autoRegisterCandidates','true','autoEnableCandidates','false'),
 'LLM官方披露采集规划任务：重点整理交易所、巨潮、发行机构公告和字段映射。',
 CURRENT_TIMESTAMP(3), CURRENT_TIMESTAMP(3)),
('17000000-0000-0000-0000-000000000232', 'llm-news-research-collection',
 'AI_DATA_SOURCE_DISCOVERY', '0 20 */6 * * *', 'Asia/Shanghai', 1,
 JSON_OBJECT('environment','DEFAULT','marketScope','CN_MAINLAND','assetClass','MULTI_ASSET',
   'dataTypes','NEWS,RESEARCH','topicKeywords','财经新闻,研报,机构观点,市场事件',
   'collectionDirection','NEWS_RESEARCH','skillCode','DATA_COLLECTION_NEWS_RESEARCH',
   'preferredTrustLevels','L2,L3,L4','candidateLimit','8','includeDisabledCandidates','true',
   'autoRegisterCandidates','true','autoEnableCandidates','false'),
 'LLM资讯研报采集规划任务：重点整理新闻、研报、机构观点和交叉验证策略。',
 CURRENT_TIMESTAMP(3), CURRENT_TIMESTAMP(3)),
('17000000-0000-0000-0000-000000000233', 'llm-product-nav-collection',
 'AI_DATA_SOURCE_DISCOVERY', '0 30 */6 * * *', 'Asia/Shanghai', 1,
 JSON_OBJECT('environment','DEFAULT','marketScope','CN_MAINLAND','assetClass','BANK_WMP,FUND,ETF',
   'dataTypes','MARKET_QUOTE','topicKeywords','理财产品,基金净值,ETF净值,产品风险等级',
   'collectionDirection','PRODUCT_NAV','skillCode','DATA_COLLECTION_PRODUCT_NAV',
   'preferredTrustLevels','L1,L2,L3','candidateLimit','8','includeDisabledCandidates','true',
   'autoRegisterCandidates','true','autoEnableCandidates','false'),
 'LLM产品净值采集规划任务：重点整理产品池upsert和净值写入行情表方案。',
 CURRENT_TIMESTAMP(3), CURRENT_TIMESTAMP(3)),
('17000000-0000-0000-0000-000000000234', 'llm-market-quote-collection',
 'AI_DATA_SOURCE_DISCOVERY', '0 40 */6 * * *', 'Asia/Shanghai', 1,
 JSON_OBJECT('environment','DEFAULT','marketScope','CN_MAINLAND','assetClass','MULTI_ASSET',
   'dataTypes','MARKET_QUOTE','topicKeywords','行情,指数,估值,收益率,波动率',
   'collectionDirection','MARKET_QUOTE','skillCode','DATA_COLLECTION_MARKET_QUOTE',
   'preferredTrustLevels','L1,L2,L3','candidateLimit','8','includeDisabledCandidates','true',
   'autoRegisterCandidates','true','autoEnableCandidates','false'),
 'LLM行情估值采集规划任务：重点整理行情、指数、估值和历史回溯来源。',
 CURRENT_TIMESTAMP(3), CURRENT_TIMESTAMP(3)),
('17000000-0000-0000-0000-000000000235', 'llm-regulatory-collection',
 'AI_DATA_SOURCE_DISCOVERY', '0 50 */6 * * *', 'Asia/Shanghai', 1,
 JSON_OBJECT('environment','DEFAULT','marketScope','CN_MAINLAND','assetClass','MULTI_ASSET',
   'dataTypes','REGULATORY','topicKeywords','监管政策,处罚,风险提示,制度变化',
   'collectionDirection','REGULATORY','skillCode','DATA_COLLECTION_REGULATORY',
   'preferredTrustLevels','L1','candidateLimit','8','includeDisabledCandidates','true',
   'autoRegisterCandidates','true','autoEnableCandidates','false'),
 'LLM监管政策采集规划任务：重点整理监管机构、政策、处罚、风险提示和审计路由。',
 CURRENT_TIMESTAMP(3), CURRENT_TIMESTAMP(3))
ON DUPLICATE KEY UPDATE
task_type = VALUES(task_type),
cron = VALUES(cron),
zone = VALUES(zone),
enabled = VALUES(enabled),
parameters = VALUES(parameters),
description = VALUES(description),
updated_at = CURRENT_TIMESTAMP(3);

UPDATE aiw_investment_task_definition
SET parameters = JSON_SET(
        COALESCE(parameters, JSON_OBJECT()),
        '$.dataTaskCodes',
        'llm-data-collection-multi-source,llm-official-disclosure-collection,llm-product-nav-collection,llm-market-quote-collection,llm-news-research-collection,llm-regulatory-collection,cn-mainland-market-momentum-scan,cn-mainland-hot-theme-return,cn-mainland-news-heat-aggregation',
        '$.allowAutoMockTrade',
        'true',
        '$.allowPromptCandidate',
        'true',
        '$.allowModelCandidate',
        'true',
        '$.allowAutoPromptActivation',
        'false',
        '$.allowAutoModelActivation',
        'false',
        '$.allowRealTrade',
        'false',
        '$.maxReportsForMock',
        '20'
    ),
    description = '自动投资闭环总编排任务。V23默认先执行多条LLM采集方向任务，沉淀候选数据源，再生成报告、Prompt候选、模型候选、Mock交易、回测和反馈；正式启用仍需前端确认或灰度开关。',
    updated_at = CURRENT_TIMESTAMP(3)
WHERE task_code = 'auto-investment-closed-loop-orchestration';
